id,payer_name,amount,invoice_number,additional_info
1,David Johnson,628.0502851654375,INV-392,Payment for consultation
2,Michael Wilson,977.7814970546556,INV-967,Payment for consultation
3,John Doe,445.21371950424736,INV-284,Payment for consultation
4,David Johnson,191.05395400361857,INV-187,Payment for services rendered
5,John Doe,923.1262057042358,INV-406,Payment for monthly subscription
6,John Doe,249.6354012116767,INV-482,Payment for consultation
7,Jane Smith,225.68844920486674,INV-580,Payment for monthly subscription
8,Emily Brown,30.51889908800842,INV-292,Payment for product purchase
9,Jane Smith,736.1393086441149,INV-435,Payment for services rendered
10,Emily Brown,236.52538879851525,INV-532,Payment for services rendered
11,David Johnson,869.4715361788494,INV-755,Payment for monthly subscription
12,Jane Smith,495.8307846431339,INV-354,Payment for product purchase
13,John Doe,367.58918467900594,INV-393,Payment for services rendered
14,Michael Wilson,495.14365289753414,INV-723,Payment for consultation
15,Emily Brown,407.97614573017506,INV-539,Payment for consultation
16,Emily Brown,645.9057955973674,INV-941,Payment for services rendered
17,David Johnson,964.7931858286769,INV-440,Payment for services rendered
18,Jane Smith,152.00313355815075,INV-232,Payment for services rendered
19,Jane Smith,702.455049521102,INV-140,Payment for services rendered
20,Emily Brown,20.408437196687167,INV-016,Payment for services rendered
21,David Johnson,641.2056227138486,INV-186,Payment for services rendered
22,David Johnson,277.6920996078293,INV-287,Payment for monthly subscription
23,John Doe,168.8083452337128,INV-910,Payment for services rendered
24,Emily Brown,382.68658767193165,INV-916,Payment for product purchase
25,Michael Wilson,54.41017674803306,INV-141,Payment for product purchase
26,Emily Brown,846.4282521797816,INV-592,Payment for product purchase
27,David Johnson,297.5203665989076,INV-269,Payment for consultation
28,Michael Wilson,696.0287630663337,INV-257,Payment for services rendered
29,David Johnson,891.7405772395635,INV-721,Payment for consultation
30,Michael Wilson,613.0814483778088,INV-822,Payment for product purchase
31,Jane Smith,270.6046129535037,INV-151,Payment for monthly subscription
32,Jane Smith,823.0724323412846,INV-086,Payment for consultation
33,David Johnson,119.69680932612047,INV-969,Payment for product purchase
34,Emily Brown,538.7445065023269,INV-062,Payment for services rendered
35,Michael Wilson,733.3300975375078,INV-067,Payment for monthly subscription
36,David Johnson,453.6849669232188,INV-867,Payment for consultation
37,Jane Smith,829.3617516482308,INV-555,Payment for monthly subscription
38,Michael Wilson,722.9740280582154,INV-159,Payment for product purchase
39,Jane Smith,93.66576120524661,INV-444,Payment for services rendered
40,Emily Brown,866.4373817876251,INV-069,Payment for monthly subscription
41,Emily Brown,662.1466811443383,INV-240,Payment for monthly subscription
42,David Johnson,829.8173096025849,INV-601,Payment for consultation
43,Emily Brown,575.4495592564836,INV-835,Payment for services rendered
44,David Johnson,912.3535140241063,INV-071,Payment for consultation
45,Michael Wilson,582.511721404431,INV-089,Payment for monthly subscription
46,Michael Wilson,242.97737334070203,INV-561,Payment for consultation
47,David Johnson,876.5960225097205,INV-699,Payment for monthly subscription
48,Emily Brown,544.41834922927,INV-409,Payment for services rendered
49,David Johnson,142.78843390880425,INV-118,Payment for consultation
50,John Doe,426.30868126527287,INV-627,Payment for consultation
51,John Doe,280.1701836163226,INV-039,Payment for consultation
52,Jane Smith,893.0883865088438,INV-145,Payment for product purchase
53,John Doe,605.271758080825,INV-203,Payment for monthly subscription
54,Emily Brown,990.392855571374,INV-683,Payment for product purchase
55,John Doe,460.363985287377,INV-441,Payment for consultation
56,Michael Wilson,266.2393046255727,INV-722,Payment for consultation
57,Michael Wilson,662.8289481875507,INV-856,Payment for services rendered
58,Emily Brown,751.2984936536529,INV-845,Payment for monthly subscription
59,Emily Brown,302.9141416046922,INV-556,Payment for monthly subscription
60,David Johnson,832.0607312515261,INV-786,Payment for product purchase
61,David Johnson,452.6356675089063,INV-988,Payment for services rendered
62,Emily Brown,741.6766285640484,INV-188,Payment for consultation
63,David Johnson,218.62381333203206,INV-323,Payment for monthly subscription
64,Emily Brown,550.9217875825342,INV-950,Payment for product purchase
65,Jane Smith,214.87086460059967,INV-629,Payment for product purchase
66,Jane Smith,674.831260401604,INV-254,Payment for consultation
67,John Doe,958.2932563006937,INV-291,Payment for consultation
68,Jane Smith,183.14071912667862,INV-614,Payment for monthly subscription
69,Emily Brown,383.43395744441386,INV-437,Payment for monthly subscription
70,John Doe,789.4535673304579,INV-167,Payment for product purchase
71,David Johnson,753.4758502597697,INV-037,Payment for monthly subscription
72,John Doe,447.3904282476101,INV-333,Payment for consultation
73,John Doe,511.04330062163484,INV-744,Payment for consultation
74,Emily Brown,801.9697790927651,INV-473,Payment for monthly subscription
75,Michael Wilson,463.09772365856713,INV-478,Payment for services rendered
76,John Doe,919.6968040225566,INV-874,Payment for monthly subscription
77,Jane Smith,632.3544514383078,INV-770,Payment for consultation
78,Michael Wilson,501.7143321084392,INV-694,Payment for product purchase
79,David Johnson,273.8333349269286,INV-550,Payment for consultation
80,Jane Smith,0.43605237877009095,INV-061,Payment for monthly subscription
81,David Johnson,114.80443479481295,INV-375,Payment for consultation
82,David Johnson,804.5258204272417,INV-178,Payment for monthly subscription
83,Michael Wilson,209.09037525018815,INV-107,Payment for services rendered
84,Emily Brown,127.07348070850256,INV-521,Payment for monthly subscription
85,Emily Brown,392.40728846028685,INV-208,Payment for consultation
86,David Johnson,391.91274381445453,INV-629,Payment for product purchase
87,John Doe,804.3488004717863,INV-612,Payment for monthly subscription
88,David Johnson,47.25871046418983,INV-416,Payment for consultation
89,Emily Brown,773.840390190247,INV-838,Payment for product purchase
90,Michael Wilson,254.5022652417942,INV-681,Payment for product purchase
91,David Johnson,286.42484433847693,INV-429,Payment for services rendered
92,Emily Brown,942.9247605059251,INV-271,Payment for consultation
93,Jane Smith,903.4944650268861,INV-766,Payment for consultation
94,John Doe,340.38780787992704,INV-220,Payment for services rendered
95,Michael Wilson,707.1798542118473,INV-321,Payment for services rendered
96,Jane Smith,43.28212113258534,INV-139,Payment for services rendered
97,Jane Smith,541.0715367528098,INV-756,Payment for services rendered
98,John Doe,681.7367996951,INV-778,Payment for monthly subscription
99,Jane Smith,967.0806595464255,INV-400,Payment for services rendered
100,Michael Wilson,521.2352928982812,INV-140,Payment for product purchase
101,Jane Smith,955.1036269540378,INV-508,Payment for monthly subscription
102,Jane Smith,945.319916611946,INV-513,Payment for services rendered
103,Emily Brown,911.203556753011,INV-742,Payment for consultation
104,David Johnson,312.5210169660352,INV-914,Payment for product purchase
105,John Doe,816.31050992094,INV-981,Payment for services rendered
106,David Johnson,950.8518193093668,INV-726,Payment for services rendered
107,John Doe,437.995495215986,INV-587,Payment for product purchase
108,Emily Brown,366.70759137506093,INV-819,Payment for monthly subscription
109,Michael Wilson,789.8182098787528,INV-257,Payment for services rendered
110,John Doe,739.237548307573,INV-294,Payment for services rendered
111,David Johnson,913.9403577269203,INV-254,Payment for consultation
112,Emily Brown,794.4553473260846,INV-528,Payment for product purchase
113,Emily Brown,917.8309442111022,INV-397,Payment for product purchase
114,David Johnson,808.7139525396566,INV-879,Payment for services rendered
115,John Doe,493.1109263224099,INV-514,Payment for services rendered
116,Jane Smith,568.7466889907854,INV-143,Payment for services rendered
117,Jane Smith,843.7011268536394,INV-926,Payment for services rendered
118,Jane Smith,928.8252495434124,INV-590,Payment for services rendered
119,Michael Wilson,988.5578980123452,INV-148,Payment for services rendered
120,David Johnson,214.76567233670096,INV-460,Payment for monthly subscription
121,Jane Smith,310.205607194486,INV-354,Payment for services rendered
122,John Doe,757.3927042115184,INV-332,Payment for services rendered
123,Michael Wilson,871.4772944695924,INV-746,Payment for consultation
124,Michael Wilson,46.422420969278065,INV-052,Payment for monthly subscription
125,Michael Wilson,524.7231233555456,INV-622,Payment for product purchase
126,Emily Brown,421.20306604231894,INV-127,Payment for monthly subscription
127,Michael Wilson,822.3933471834864,INV-295,Payment for monthly subscription
128,Emily Brown,42.55529563993976,INV-288,Payment for consultation
129,Michael Wilson,18.360489177408624,INV-991,Payment for product purchase
130,Michael Wilson,846.7947809374599,INV-881,Payment for consultation
131,Jane Smith,300.9377047336187,INV-709,Payment for consultation
132,Michael Wilson,487.6910797441133,INV-647,Payment for monthly subscription
133,Emily Brown,974.3421414835448,INV-502,Payment for consultation
134,Michael Wilson,817.9824573110664,INV-519,Payment for product purchase
135,Jane Smith,261.35712996828465,INV-669,Payment for monthly subscription
136,Michael Wilson,750.348011747615,INV-645,Payment for services rendered
137,David Johnson,653.0481432185112,INV-588,Payment for product purchase
138,Emily Brown,151.69093700991277,INV-361,Payment for monthly subscription
139,David Johnson,686.7302570913508,INV-454,Payment for monthly subscription
140,John Doe,650.7899452785429,INV-390,Payment for consultation
141,Emily Brown,279.0539793970841,INV-140,Payment for product purchase
142,David Johnson,616.7451591146661,INV-034,Payment for consultation
143,David Johnson,95.22804051382184,INV-114,Payment for product purchase
144,David Johnson,472.4984398166154,INV-484,Payment for monthly subscription
145,Jane Smith,773.4195451703729,INV-954,Payment for product purchase
146,Michael Wilson,991.4048885603436,INV-874,Payment for services rendered
147,David Johnson,425.37698425315085,INV-038,Payment for consultation
148,Jane Smith,90.30919827702877,INV-730,Payment for product purchase
149,Emily Brown,352.1812435799495,INV-093,Payment for consultation
150,Jane Smith,180.8128029465681,INV-262,Payment for consultation
151,John Doe,228.5950920643419,INV-686,Payment for product purchase
152,David Johnson,909.2852237569078,INV-228,Payment for consultation
153,David Johnson,249.2645943073154,INV-724,Payment for consultation
154,Jane Smith,783.4517281496154,INV-260,Payment for product purchase
155,Jane Smith,881.3821518918404,INV-651,Payment for monthly subscription
156,David Johnson,288.4745601934079,INV-108,Payment for monthly subscription
157,David Johnson,328.9129012487364,INV-481,Payment for monthly subscription
158,Michael Wilson,278.1534886227218,INV-479,Payment for services rendered
159,David Johnson,823.9430130892068,INV-472,Payment for consultation
160,Jane Smith,266.4908717937262,INV-535,Payment for product purchase
161,John Doe,442.7664173306949,INV-470,Payment for product purchase
162,Emily Brown,904.980302158718,INV-392,Payment for services rendered
163,Jane Smith,62.50727193611061,INV-532,Payment for product purchase
164,Jane Smith,950.9651930777684,INV-616,Payment for monthly subscription
165,Emily Brown,699.850578233953,INV-820,Payment for monthly subscription
166,Emily Brown,429.588865397022,INV-274,Payment for services rendered
167,John Doe,210.03712775622307,INV-960,Payment for services rendered
168,David Johnson,221.62584772147852,INV-164,Payment for services rendered
169,Emily Brown,646.5000699135225,INV-792,Payment for product purchase
170,John Doe,93.19580526608995,INV-220,Payment for product purchase
171,Jane Smith,968.1226387423753,INV-998,Payment for services rendered
172,David Johnson,437.51492083631524,INV-044,Payment for monthly subscription
173,Michael Wilson,58.31330525744449,INV-194,Payment for services rendered
174,Emily Brown,121.05899737671011,INV-226,Payment for consultation
175,Michael Wilson,891.0589522127211,INV-601,Payment for product purchase
176,John Doe,289.3437357665866,INV-275,Payment for monthly subscription
177,David Johnson,346.59879080912447,INV-915,Payment for consultation
178,John Doe,340.82536303297263,INV-566,Payment for consultation
179,Emily Brown,870.8403909098607,INV-655,Payment for consultation
180,John Doe,958.1876525387685,INV-936,Payment for monthly subscription
181,Jane Smith,950.877670566354,INV-534,Payment for consultation
182,John Doe,244.21611494391203,INV-549,Payment for services rendered
183,John Doe,331.83100267037304,INV-531,Payment for consultation
184,Jane Smith,909.2957241335829,INV-106,Payment for services rendered
185,Emily Brown,197.1940367976721,INV-650,Payment for consultation
186,David Johnson,425.8247428518101,INV-114,Payment for product purchase
187,Jane Smith,206.6850044570343,INV-217,Payment for monthly subscription
188,Emily Brown,84.0367230661797,INV-410,Payment for product purchase
189,David Johnson,958.3931119955912,INV-254,Payment for product purchase
190,Michael Wilson,700.7540790554497,INV-525,Payment for services rendered
191,David Johnson,694.582336587879,INV-880,Payment for consultation
192,Jane Smith,816.8132217737982,INV-788,Payment for product purchase
193,Emily Brown,495.403062461935,INV-708,Payment for consultation
194,Emily Brown,195.04458398825275,INV-043,Payment for monthly subscription
195,John Doe,971.5704673587537,INV-030,Payment for product purchase
196,Jane Smith,78.06902892584556,INV-029,Payment for product purchase
197,John Doe,307.9220871531656,INV-521,Payment for services rendered
198,John Doe,544.8704029528059,INV-652,Payment for services rendered
199,Jane Smith,581.4148581246412,INV-094,Payment for monthly subscription
200,Michael Wilson,325.53141655110187,INV-414,Payment for services rendered
201,Michael Wilson,532.7875248374113,INV-015,Payment for consultation
202,Michael Wilson,186.8286525253512,INV-267,Payment for consultation
203,Jane Smith,203.85879445953114,INV-338,Payment for monthly subscription
204,Michael Wilson,660.8266856480835,INV-903,Payment for services rendered
205,Michael Wilson,48.56752909580175,INV-606,Payment for consultation
206,John Doe,22.429623174711423,INV-532,Payment for product purchase
207,Michael Wilson,357.70666773096593,INV-562,Payment for monthly subscription
208,Jane Smith,495.11372783491936,INV-858,Payment for services rendered
209,John Doe,698.9301255943117,INV-178,Payment for consultation
210,John Doe,512.1100791842081,INV-966,Payment for product purchase
211,Jane Smith,295.2823453254176,INV-814,Payment for monthly subscription
212,David Johnson,150.9252833283712,INV-456,Payment for product purchase
213,David Johnson,455.98466843834586,INV-030,Payment for services rendered
214,Jane Smith,176.9819628180621,INV-398,Payment for services rendered
215,John Doe,922.0390332003624,INV-693,Payment for product purchase
216,Michael Wilson,458.71291463073817,INV-359,Payment for monthly subscription
217,Michael Wilson,494.6054279854546,INV-257,Payment for consultation
218,Jane Smith,709.5346369855138,INV-063,Payment for services rendered
219,David Johnson,172.7875202625393,INV-833,Payment for monthly subscription
220,Jane Smith,40.211606672962084,INV-759,Payment for monthly subscription
221,Michael Wilson,28.85948926114301,INV-493,Payment for monthly subscription
222,John Doe,808.2223773104845,INV-067,Payment for product purchase
223,Emily Brown,863.0561340685023,INV-866,Payment for consultation
224,David Johnson,72.13886425304639,INV-974,Payment for product purchase
225,Jane Smith,692.4562365404787,INV-378,Payment for consultation
226,David Johnson,32.735043379088054,INV-258,Payment for product purchase
227,John Doe,319.25425953307297,INV-678,Payment for monthly subscription
228,Michael Wilson,500.8963972385365,INV-021,Payment for consultation
229,Jane Smith,425.52866333678753,INV-231,Payment for services rendered
230,Emily Brown,292.7278302591944,INV-701,Payment for services rendered
231,Jane Smith,729.8184412800408,INV-919,Payment for consultation
232,David Johnson,630.4804389216114,INV-552,Payment for services rendered
233,Emily Brown,573.7183122881675,INV-777,Payment for services rendered
234,Jane Smith,819.5460459192208,INV-643,Payment for services rendered
235,John Doe,21.862727933122493,INV-300,Payment for consultation
236,Emily Brown,795.340968517185,INV-884,Payment for product purchase
237,John Doe,723.3876352493826,INV-142,Payment for monthly subscription
238,Jane Smith,468.0792234208204,INV-563,Payment for product purchase
239,David Johnson,347.15540433596226,INV-445,Payment for monthly subscription
240,David Johnson,443.5888994968069,INV-510,Payment for consultation
241,Emily Brown,674.899359769413,INV-500,Payment for consultation
242,Jane Smith,612.300387823544,INV-307,Payment for product purchase
243,Emily Brown,736.1852222138901,INV-085,Payment for consultation
244,Jane Smith,305.2207869746467,INV-115,Payment for monthly subscription
245,David Johnson,764.8220969227813,INV-425,Payment for consultation
246,Jane Smith,125.82156802838385,INV-872,Payment for product purchase
247,John Doe,139.00571547236873,INV-796,Payment for consultation
248,Emily Brown,738.8389447791463,INV-413,Payment for product purchase
249,Emily Brown,971.4812756400643,INV-416,Payment for services rendered
250,John Doe,754.6980623264681,INV-893,Payment for consultation
251,John Doe,231.61977990074178,INV-622,Payment for product purchase
252,Emily Brown,699.8384598237891,INV-657,Payment for consultation
253,David Johnson,900.8448519881781,INV-835,Payment for consultation
254,Jane Smith,720.2087663111693,INV-476,Payment for product purchase
255,David Johnson,848.4464432783827,INV-460,Payment for monthly subscription
256,Emily Brown,737.8326482380638,INV-181,Payment for consultation
257,Michael Wilson,639.0055806942037,INV-645,Payment for consultation
258,John Doe,868.4272766162034,INV-484,Payment for monthly subscription
259,John Doe,509.93762963039666,INV-876,Payment for consultation
260,Jane Smith,480.2703404033899,INV-718,Payment for monthly subscription
261,Emily Brown,390.19343437442365,INV-807,Payment for product purchase
262,Michael Wilson,76.27293564479642,INV-415,Payment for monthly subscription
263,David Johnson,543.2077360921801,INV-728,Payment for consultation
264,David Johnson,386.28989401985035,INV-838,Payment for services rendered
265,Emily Brown,32.2971078574632,INV-883,Payment for product purchase
266,David Johnson,394.89624690105296,INV-276,Payment for consultation
267,Jane Smith,814.5538133865704,INV-779,Payment for consultation
268,John Doe,958.2233582722203,INV-023,Payment for services rendered
269,Michael Wilson,363.24933433827744,INV-006,Payment for consultation
270,David Johnson,936.6228208129697,INV-505,Payment for services rendered
271,Emily Brown,537.8524499837927,INV-644,Payment for monthly subscription
272,David Johnson,440.57429571221473,INV-500,Payment for product purchase
273,Michael Wilson,275.3253120202146,INV-960,Payment for monthly subscription
274,John Doe,895.8175044255038,INV-682,Payment for consultation
275,Michael Wilson,542.6878822641696,INV-982,Payment for monthly subscription
276,David Johnson,308.42548410356375,INV-684,Payment for services rendered
277,John Doe,951.9717105622752,INV-289,Payment for product purchase
278,John Doe,795.4611557443853,INV-880,Payment for consultation
279,Michael Wilson,965.641064129352,INV-001,Payment for consultation
280,Emily Brown,251.38943690022353,INV-134,Payment for product purchase
281,John Doe,371.1499033471384,INV-128,Payment for product purchase
282,John Doe,524.7083542807903,INV-538,Payment for services rendered
283,John Doe,732.0491533247259,INV-455,Payment for monthly subscription
284,David Johnson,370.66942204214394,INV-002,Payment for services rendered
285,David Johnson,664.3631075721738,INV-500,Payment for monthly subscription
286,David Johnson,78.55415325240645,INV-645,Payment for services rendered
287,David Johnson,42.11664390294689,INV-826,Payment for consultation
288,John Doe,680.3176047094978,INV-070,Payment for monthly subscription
289,Jane Smith,848.0460417201041,INV-058,Payment for product purchase
290,Michael Wilson,954.3534235987978,INV-912,Payment for consultation
291,Michael Wilson,795.8651846408304,INV-758,Payment for monthly subscription
292,Emily Brown,983.0395640531749,INV-233,Payment for product purchase
293,David Johnson,555.6017388122274,INV-108,Payment for product purchase
294,Emily Brown,292.58289427438314,INV-012,Payment for consultation
295,David Johnson,481.14380835506023,INV-593,Payment for services rendered
296,Jane Smith,460.5600839540973,INV-926,Payment for monthly subscription
297,Michael Wilson,899.9929219236639,INV-544,Payment for services rendered
298,David Johnson,705.3852843113625,INV-466,Payment for monthly subscription
299,Emily Brown,255.22342326264192,INV-493,Payment for services rendered
300,John Doe,654.9269975862912,INV-282,Payment for consultation
301,Emily Brown,725.194862037713,INV-975,Payment for product purchase
302,John Doe,190.0929628372552,INV-248,Payment for services rendered
303,Emily Brown,333.6586049772019,INV-153,Payment for consultation
304,John Doe,74.21538430531083,INV-645,Payment for consultation
305,Michael Wilson,899.753860445464,INV-262,Payment for consultation
306,John Doe,181.350956807924,INV-398,Payment for consultation
307,John Doe,219.78879253990314,INV-875,Payment for services rendered
308,Jane Smith,376.9268368891987,INV-710,Payment for product purchase
309,Jane Smith,956.9219786399598,INV-026,Payment for product purchase
310,David Johnson,661.3321341932035,INV-803,Payment for monthly subscription
311,Jane Smith,831.6413210683027,INV-538,Payment for services rendered
312,David Johnson,160.14254478099943,INV-251,Payment for product purchase
313,John Doe,417.9260962307874,INV-754,Payment for monthly subscription
314,Jane Smith,441.9258619603119,INV-123,Payment for services rendered
315,John Doe,136.8720274792259,INV-659,Payment for product purchase
316,Jane Smith,905.8358362236643,INV-045,Payment for services rendered
317,John Doe,873.9182363975589,INV-726,Payment for product purchase
318,David Johnson,913.1120241199247,INV-709,Payment for monthly subscription
319,John Doe,617.9244487136094,INV-857,Payment for consultation
320,Jane Smith,402.8486657268601,INV-528,Payment for monthly subscription
321,Emily Brown,640.9551315730342,INV-521,Payment for monthly subscription
322,Michael Wilson,656.0094890449845,INV-214,Payment for monthly subscription
323,Jane Smith,186.4841080881967,INV-739,Payment for services rendered
324,Michael Wilson,439.5499351590214,INV-058,Payment for consultation
325,Jane Smith,360.0137386313117,INV-574,Payment for services rendered
326,Michael Wilson,694.3883488892809,INV-053,Payment for consultation
327,Jane Smith,487.7468421949122,INV-944,Payment for product purchase
328,Michael Wilson,760.9232808104996,INV-409,Payment for consultation
329,Emily Brown,641.2875580098818,INV-385,Payment for services rendered
330,Michael Wilson,644.5628137065662,INV-953,Payment for monthly subscription
331,Emily Brown,35.208926367840895,INV-856,Payment for monthly subscription
332,David Johnson,292.75901281216056,INV-947,Payment for services rendered
333,Michael Wilson,217.8110034180466,INV-563,Payment for monthly subscription
334,Michael Wilson,966.979853635474,INV-212,Payment for consultation
335,Michael Wilson,44.916187942323994,INV-671,Payment for monthly subscription
336,David Johnson,605.5411940832201,INV-376,Payment for consultation
337,Emily Brown,402.50069451102564,INV-211,Payment for services rendered
338,Jane Smith,862.4442157285034,INV-470,Payment for monthly subscription
339,Jane Smith,820.4598011676628,INV-469,Payment for consultation
340,Michael Wilson,567.4540356149554,INV-391,Payment for product purchase
341,David Johnson,339.7905352138759,INV-907,Payment for consultation
342,Jane Smith,507.7120358267484,INV-854,Payment for services rendered
343,Jane Smith,265.3002878613623,INV-083,Payment for services rendered
344,John Doe,227.13137310695242,INV-636,Payment for product purchase
345,Michael Wilson,902.8489114516457,INV-230,Payment for services rendered
346,Jane Smith,519.4496589634214,INV-080,Payment for monthly subscription
347,Jane Smith,902.6151543882822,INV-968,Payment for monthly subscription
348,Jane Smith,208.30877267798385,INV-095,Payment for consultation
349,John Doe,307.87758552148347,INV-588,Payment for product purchase
350,Jane Smith,444.55852091937476,INV-685,Payment for product purchase
351,John Doe,903.9635176614626,INV-327,Payment for product purchase
352,Emily Brown,78.45606858830622,INV-610,Payment for services rendered
353,Emily Brown,988.6580416068044,INV-817,Payment for product purchase
354,Michael Wilson,745.2561693209412,INV-917,Payment for product purchase
355,Emily Brown,558.3280695352148,INV-832,Payment for product purchase
356,Michael Wilson,45.74326633074843,INV-973,Payment for services rendered
357,Jane Smith,131.76921869333148,INV-362,Payment for product purchase
358,David Johnson,973.2539258605863,INV-337,Payment for monthly subscription
359,David Johnson,309.3056427775209,INV-329,Payment for consultation
360,Jane Smith,5.753043189358431,INV-882,Payment for monthly subscription
361,Jane Smith,587.7057510739775,INV-527,Payment for monthly subscription
362,Michael Wilson,690.0637081166211,INV-506,Payment for monthly subscription
363,Jane Smith,124.83567522507622,INV-544,Payment for consultation
364,Emily Brown,701.9780840312967,INV-082,Payment for consultation
365,John Doe,631.3775102570171,INV-368,Payment for services rendered
366,Jane Smith,626.0102459351298,INV-836,Payment for product purchase
367,Emily Brown,227.22138891521737,INV-395,Payment for monthly subscription
368,Emily Brown,299.2972781567098,INV-722,Payment for services rendered
369,David Johnson,567.6507257885139,INV-904,Payment for services rendered
370,Emily Brown,692.3639062259153,INV-329,Payment for product purchase
371,David Johnson,360.0576710556945,INV-162,Payment for product purchase
372,John Doe,195.1049328444149,INV-780,Payment for monthly subscription
373,David Johnson,527.539337725368,INV-915,Payment for services rendered
374,Emily Brown,650.7324826296049,INV-173,Payment for consultation
375,Emily Brown,38.18129789258751,INV-602,Payment for monthly subscription
376,Jane Smith,387.50596988991026,INV-931,Payment for product purchase
377,David Johnson,522.7799998798777,INV-023,Payment for monthly subscription
378,Jane Smith,651.272115479266,INV-703,Payment for product purchase
379,Emily Brown,307.84356770312405,INV-251,Payment for product purchase
380,Jane Smith,805.3286180307358,INV-634,Payment for consultation
381,John Doe,689.6311540508252,INV-901,Payment for services rendered
382,Emily Brown,601.5416262670975,INV-336,Payment for monthly subscription
383,Michael Wilson,198.84294250764023,INV-392,Payment for product purchase
384,Michael Wilson,719.0215589556811,INV-566,Payment for product purchase
385,Michael Wilson,30.491976990232537,INV-451,Payment for monthly subscription
386,John Doe,186.2946938571547,INV-288,Payment for services rendered
387,Michael Wilson,160.85767223174818,INV-636,Payment for services rendered
388,David Johnson,72.36915817221323,INV-353,Payment for monthly subscription
389,John Doe,639.0515576551435,INV-453,Payment for consultation
390,David Johnson,641.8412996245006,INV-912,Payment for services rendered
391,Michael Wilson,171.47027286791106,INV-836,Payment for consultation
392,David Johnson,379.36530827607015,INV-030,Payment for product purchase
393,David Johnson,159.31333354652634,INV-117,Payment for services rendered
394,Jane Smith,489.1483509345411,INV-255,Payment for services rendered
395,Jane Smith,665.44276658382,INV-088,Payment for monthly subscription
396,John Doe,926.4227193931412,INV-474,Payment for monthly subscription
397,Michael Wilson,216.71612491660363,INV-939,Payment for product purchase
398,Jane Smith,835.1369197056207,INV-238,Payment for monthly subscription
399,David Johnson,108.98732882595819,INV-151,Payment for consultation
400,David Johnson,414.4538766308824,INV-829,Payment for monthly subscription
401,John Doe,640.645782727627,INV-270,Payment for product purchase
402,Jane Smith,970.7223298344444,INV-879,Payment for services rendered
403,Jane Smith,304.8490549369981,INV-061,Payment for product purchase
404,Michael Wilson,502.6001876808921,INV-981,Payment for consultation
405,Emily Brown,984.6069876801046,INV-624,Payment for product purchase
406,Emily Brown,942.3647585136622,INV-989,Payment for services rendered
407,David Johnson,353.73305420681857,INV-327,Payment for services rendered
408,Jane Smith,964.8985099765548,INV-305,Payment for monthly subscription
409,John Doe,577.715943532275,INV-235,Payment for consultation
410,Jane Smith,862.1630770689553,INV-554,Payment for monthly subscription
411,Emily Brown,101.11428188601246,INV-210,Payment for monthly subscription
412,Jane Smith,95.8101781666174,INV-669,Payment for consultation
413,John Doe,652.1170352376928,INV-946,Payment for product purchase
414,Michael Wilson,888.5717131757345,INV-856,Payment for product purchase
415,Michael Wilson,423.99271026230525,INV-530,Payment for product purchase
416,Michael Wilson,10.333068747813257,INV-178,Payment for product purchase
417,David Johnson,62.10931674186393,INV-416,Payment for product purchase
418,Michael Wilson,205.4784086831214,INV-055,Payment for monthly subscription
419,John Doe,907.5786933547419,INV-854,Payment for product purchase
420,David Johnson,806.569306957816,INV-478,Payment for monthly subscription
421,Jane Smith,164.57657341376662,INV-344,Payment for monthly subscription
422,John Doe,526.5349663168475,INV-676,Payment for services rendered
423,Michael Wilson,618.0493867282506,INV-108,Payment for monthly subscription
424,Jane Smith,365.4442024542001,INV-780,Payment for product purchase
425,David Johnson,722.1403134151183,INV-425,Payment for monthly subscription
426,Jane Smith,338.12059672648064,INV-604,Payment for consultation
427,John Doe,469.54033974014,INV-482,Payment for monthly subscription
428,John Doe,308.28225096081843,INV-396,Payment for monthly subscription
429,David Johnson,266.87201185075304,INV-278,Payment for monthly subscription
430,Jane Smith,214.4604168539487,INV-391,Payment for services rendered
431,David Johnson,363.0314997261268,INV-303,Payment for product purchase
432,Emily Brown,670.90317768209,INV-918,Payment for consultation
433,Emily Brown,983.2902703938336,INV-836,Payment for product purchase
434,Emily Brown,884.2789672457412,INV-787,Payment for monthly subscription
435,John Doe,212.66084609971315,INV-686,Payment for consultation
436,David Johnson,33.50407216097273,INV-183,Payment for consultation
437,David Johnson,679.1863242122068,INV-873,Payment for consultation
438,John Doe,775.9996621240165,INV-174,Payment for product purchase
439,Michael Wilson,372.9488546684422,INV-831,Payment for services rendered
440,Michael Wilson,5.77754600984981,INV-334,Payment for product purchase
441,Michael Wilson,661.7586608423971,INV-229,Payment for consultation
442,Michael Wilson,889.8253446256628,INV-525,Payment for consultation
443,Emily Brown,186.40523783424112,INV-009,Payment for consultation
444,David Johnson,733.0479324433883,INV-451,Payment for product purchase
445,Michael Wilson,469.64421429043324,INV-188,Payment for product purchase
446,Emily Brown,808.7827945768815,INV-543,Payment for services rendered
447,Jane Smith,410.15697834333577,INV-921,Payment for services rendered
448,Emily Brown,486.32244946822436,INV-612,Payment for monthly subscription
449,Michael Wilson,818.6403712086751,INV-897,Payment for services rendered
450,David Johnson,161.4367834312316,INV-716,Payment for consultation
451,Emily Brown,988.2177985108303,INV-221,Payment for consultation
452,Jane Smith,924.644417333924,INV-201,Payment for product purchase
453,David Johnson,273.49652717889774,INV-678,Payment for consultation
454,Jane Smith,538.6090046102488,INV-358,Payment for monthly subscription
455,Jane Smith,160.6108506496594,INV-043,Payment for services rendered
456,Michael Wilson,175.38570950398415,INV-983,Payment for product purchase
457,Emily Brown,186.15895916145385,INV-126,Payment for consultation
458,John Doe,608.9587259544568,INV-935,Payment for product purchase
459,John Doe,998.9947496636489,INV-282,Payment for services rendered
460,Jane Smith,52.07553741960624,INV-281,Payment for product purchase
461,Jane Smith,982.3333575531585,INV-463,Payment for monthly subscription
462,Emily Brown,190.55432635127778,INV-293,Payment for consultation
463,Michael Wilson,793.0256122396029,INV-702,Payment for product purchase
464,John Doe,627.1357762956749,INV-734,Payment for product purchase
465,Emily Brown,268.8101054544494,INV-603,Payment for product purchase
466,Jane Smith,197.8572474446907,INV-684,Payment for consultation
467,David Johnson,302.3922799827211,INV-761,Payment for consultation
468,Michael Wilson,539.1800635118999,INV-247,Payment for services rendered
469,John Doe,925.1251404367271,INV-603,Payment for product purchase
470,David Johnson,705.7525626982142,INV-730,Payment for product purchase
471,John Doe,762.3804858178104,INV-232,Payment for monthly subscription
472,Michael Wilson,907.0906230430105,INV-710,Payment for product purchase
473,Michael Wilson,118.81602598768693,INV-297,Payment for monthly subscription
474,Emily Brown,726.3303268472552,INV-775,Payment for consultation
475,John Doe,774.5978692300288,INV-156,Payment for product purchase
476,Michael Wilson,106.16525740334104,INV-511,Payment for monthly subscription
477,John Doe,61.19237748263184,INV-579,Payment for services rendered
478,Michael Wilson,149.83583334114968,INV-311,Payment for product purchase
479,Michael Wilson,67.2632390175878,INV-877,Payment for consultation
480,David Johnson,584.6005853387642,INV-980,Payment for monthly subscription
481,John Doe,446.8767954871914,INV-947,Payment for services rendered
482,Michael Wilson,344.4619262852787,INV-002,Payment for consultation
483,John Doe,367.8413589573079,INV-128,Payment for services rendered
484,Jane Smith,973.9505305137628,INV-920,Payment for product purchase
485,Jane Smith,442.7062850172727,INV-539,Payment for services rendered
486,Emily Brown,949.1152715148977,INV-013,Payment for services rendered
487,John Doe,555.2087906858038,INV-724,Payment for monthly subscription
488,David Johnson,287.86434346309375,INV-296,Payment for product purchase
489,David Johnson,211.83878109557185,INV-042,Payment for product purchase
490,Jane Smith,768.2732844342682,INV-334,Payment for monthly subscription
491,Jane Smith,582.6275342093396,INV-738,Payment for services rendered
492,John Doe,795.813758811051,INV-466,Payment for consultation
493,Emily Brown,947.9604692278675,INV-196,Payment for services rendered
494,John Doe,443.541918086712,INV-207,Payment for consultation
495,Emily Brown,400.7796786306318,INV-395,Payment for consultation
496,John Doe,862.0387137027549,INV-124,Payment for consultation
497,Jane Smith,590.7255799651354,INV-835,Payment for product purchase
498,Emily Brown,151.51767676434912,INV-893,Payment for services rendered
499,John Doe,583.6616874566711,INV-149,Payment for monthly subscription
500,Jane Smith,381.30462000062715,INV-685,Payment for product purchase
501,Emily Brown,340.3074830088939,INV-552,Payment for services rendered
502,John Doe,847.2109238199074,INV-090,Payment for consultation
503,John Doe,927.180898910144,INV-592,Payment for consultation
504,Michael Wilson,356.1975362571687,INV-182,Payment for product purchase
505,John Doe,809.5319307729958,INV-131,Payment for services rendered
506,John Doe,40.099362965685835,INV-013,Payment for monthly subscription
507,Emily Brown,755.9550230289905,INV-124,Payment for monthly subscription
508,John Doe,131.5753032015857,INV-783,Payment for services rendered
509,Michael Wilson,410.75088451042427,INV-909,Payment for consultation
510,John Doe,828.7005933329073,INV-998,Payment for services rendered
511,David Johnson,189.78846331100542,INV-645,Payment for services rendered
512,Jane Smith,129.91746280947623,INV-998,Payment for product purchase
513,John Doe,998.094427867737,INV-581,Payment for product purchase
514,David Johnson,618.5501294561515,INV-184,Payment for product purchase
515,Jane Smith,448.4561497105063,INV-556,Payment for services rendered
516,Michael Wilson,240.73083850445386,INV-832,Payment for product purchase
517,Emily Brown,352.3659272866654,INV-161,Payment for product purchase
518,David Johnson,612.6801771356155,INV-814,Payment for product purchase
519,John Doe,648.8130231961726,INV-746,Payment for monthly subscription
520,Michael Wilson,93.36949895172341,INV-419,Payment for services rendered
521,John Doe,323.4578191919211,INV-975,Payment for product purchase
522,Michael Wilson,729.6173013389129,INV-429,Payment for monthly subscription
523,Jane Smith,220.56872814660588,INV-002,Payment for product purchase
524,Jane Smith,445.5000242803353,INV-569,Payment for consultation
525,David Johnson,311.28641117982914,INV-151,Payment for services rendered
526,Michael Wilson,685.3425099363457,INV-377,Payment for monthly subscription
527,Emily Brown,943.3587217232831,INV-702,Payment for monthly subscription
528,David Johnson,58.94005840249817,INV-086,Payment for product purchase
529,David Johnson,280.7826324159136,INV-210,Payment for services rendered
530,David Johnson,863.4401496027308,INV-364,Payment for services rendered
531,Jane Smith,966.4792889576659,INV-985,Payment for services rendered
532,Emily Brown,548.7534653473492,INV-190,Payment for product purchase
533,Emily Brown,394.5703388644328,INV-117,Payment for monthly subscription
534,Emily Brown,387.97891391393915,INV-762,Payment for services rendered
535,Jane Smith,5.304940506277944,INV-896,Payment for consultation
536,Michael Wilson,440.5957868181442,INV-283,Payment for consultation
537,Michael Wilson,491.0594401827391,INV-978,Payment for monthly subscription
538,Michael Wilson,601.8442041157109,INV-050,Payment for consultation
539,David Johnson,287.5128814538409,INV-032,Payment for services rendered
540,Jane Smith,210.82270799389212,INV-753,Payment for consultation
541,Emily Brown,158.79419266605055,INV-848,Payment for product purchase
542,John Doe,510.7602147563397,INV-696,Payment for consultation
543,David Johnson,222.28531905494074,INV-159,Payment for product purchase
544,Michael Wilson,244.39474904125115,INV-691,Payment for product purchase
545,Jane Smith,421.86647975277435,INV-487,Payment for product purchase
546,Jane Smith,124.05467067075315,INV-263,Payment for product purchase
547,Jane Smith,735.1962972278513,INV-190,Payment for monthly subscription
548,Jane Smith,322.0870420738329,INV-367,Payment for monthly subscription
549,David Johnson,188.85210120672357,INV-740,Payment for monthly subscription
550,Michael Wilson,209.78684598360476,INV-207,Payment for consultation
551,Jane Smith,290.12738385090296,INV-847,Payment for product purchase
552,Emily Brown,722.5918826646799,INV-575,Payment for monthly subscription
553,Michael Wilson,960.2494034111234,INV-584,Payment for monthly subscription
554,Jane Smith,576.4641899804105,INV-725,Payment for consultation
555,John Doe,498.74773214901035,INV-754,Payment for product purchase
556,David Johnson,787.8245154469814,INV-208,Payment for product purchase
557,Emily Brown,535.2283593490959,INV-643,Payment for services rendered
558,David Johnson,479.97089608216083,INV-553,Payment for product purchase
559,Michael Wilson,778.9896755266726,INV-131,Payment for consultation
560,Emily Brown,478.98855045684064,INV-923,Payment for product purchase
561,Jane Smith,671.7498929610679,INV-695,Payment for consultation
562,David Johnson,108.40393427413974,INV-930,Payment for product purchase
563,Michael Wilson,90.16321670547033,INV-200,Payment for consultation
564,Michael Wilson,813.5303870499182,INV-426,Payment for services rendered
565,Michael Wilson,999.135669722761,INV-805,Payment for monthly subscription
566,Jane Smith,53.71754081956037,INV-454,Payment for services rendered
567,Jane Smith,777.8016483548847,INV-407,Payment for monthly subscription
568,Jane Smith,143.20104556103485,INV-602,Payment for services rendered
569,John Doe,484.16009168009,INV-967,Payment for monthly subscription
570,John Doe,193.37651135218758,INV-086,Payment for product purchase
571,Emily Brown,67.57743196548671,INV-797,Payment for consultation
572,David Johnson,627.5651516057117,INV-267,Payment for services rendered
573,Michael Wilson,237.87522485651058,INV-493,Payment for monthly subscription
574,Michael Wilson,114.19117455267302,INV-581,Payment for services rendered
575,David Johnson,522.7216857497202,INV-487,Payment for product purchase
576,Jane Smith,423.2755783926228,INV-203,Payment for consultation
577,Michael Wilson,86.25998330163476,INV-526,Payment for monthly subscription
578,Emily Brown,772.7198483662746,INV-072,Payment for product purchase
579,Michael Wilson,591.8000951510232,INV-201,Payment for consultation
580,David Johnson,774.0825864337612,INV-987,Payment for services rendered
581,Emily Brown,856.6310618905833,INV-230,Payment for monthly subscription
582,Emily Brown,199.81018353838832,INV-784,Payment for monthly subscription
583,Jane Smith,932.1523292085018,INV-553,Payment for product purchase
584,Michael Wilson,471.5681498290912,INV-379,Payment for services rendered
585,John Doe,500.47300105005223,INV-801,Payment for product purchase
586,David Johnson,593.2758179784287,INV-197,Payment for services rendered
587,David Johnson,370.37125700576246,INV-278,Payment for consultation
588,John Doe,410.0889139854047,INV-364,Payment for consultation
589,David Johnson,943.6539051352133,INV-092,Payment for services rendered
590,Jane Smith,660.7361110750385,INV-105,Payment for services rendered
591,Emily Brown,443.45213664684945,INV-320,Payment for product purchase
592,Jane Smith,697.9585899023017,INV-120,Payment for product purchase
593,Emily Brown,241.50958238540278,INV-037,Payment for services rendered
594,Michael Wilson,458.9500281573166,INV-184,Payment for consultation
595,John Doe,649.3344710674334,INV-194,Payment for monthly subscription
596,John Doe,981.1442525627083,INV-342,Payment for services rendered
597,Michael Wilson,114.2422949218258,INV-430,Payment for services rendered
598,John Doe,202.50694295008543,INV-046,Payment for consultation
599,David Johnson,776.9570597275302,INV-647,Payment for product purchase
600,David Johnson,599.1132941503723,INV-828,Payment for services rendered
601,Emily Brown,528.8221733992548,INV-715,Payment for services rendered
602,Michael Wilson,65.8364451766651,INV-087,Payment for consultation
603,David Johnson,588.4294507205888,INV-332,Payment for consultation
604,John Doe,587.391897733661,INV-735,Payment for monthly subscription
605,David Johnson,479.6936236116519,INV-376,Payment for product purchase
606,John Doe,33.90653095163243,INV-486,Payment for consultation
607,Jane Smith,831.2248815798232,INV-015,Payment for product purchase
608,Jane Smith,283.2026538295895,INV-654,Payment for services rendered
609,Jane Smith,305.0273716571463,INV-525,Payment for consultation
610,Emily Brown,637.9233027793591,INV-908,Payment for monthly subscription
611,John Doe,895.0247140900743,INV-233,Payment for monthly subscription
612,Emily Brown,802.965706571479,INV-234,Payment for consultation
613,John Doe,213.04812842161635,INV-052,Payment for monthly subscription
614,David Johnson,20.919250593009366,INV-685,Payment for consultation
615,Michael Wilson,980.2213869110241,INV-338,Payment for product purchase
616,Jane Smith,100.00327604310012,INV-212,Payment for consultation
617,Emily Brown,664.608721142615,INV-898,Payment for consultation
618,Emily Brown,119.3890938001525,INV-371,Payment for product purchase
619,John Doe,714.3959123753633,INV-821,Payment for services rendered
620,Jane Smith,935.8345497576615,INV-763,Payment for consultation
621,Jane Smith,288.27185451733163,INV-214,Payment for product purchase
622,John Doe,780.8044748768428,INV-557,Payment for monthly subscription
623,David Johnson,188.55431410954327,INV-766,Payment for services rendered
624,John Doe,242.9669716624915,INV-483,Payment for product purchase
625,David Johnson,966.3859374912885,INV-822,Payment for monthly subscription
626,Emily Brown,35.19468149693383,INV-493,Payment for product purchase
627,David Johnson,828.2840733028248,INV-232,Payment for services rendered
628,David Johnson,951.0471865991165,INV-799,Payment for services rendered
629,Emily Brown,199.94956107565386,INV-395,Payment for consultation
630,Jane Smith,54.832304673524625,INV-492,Payment for consultation
631,Jane Smith,511.00825406471574,INV-085,Payment for monthly subscription
632,Jane Smith,380.97445938892514,INV-119,Payment for monthly subscription
633,Emily Brown,187.82451108963193,INV-121,Payment for product purchase
634,Emily Brown,288.09399562214145,INV-165,Payment for consultation
635,David Johnson,259.2566479040741,INV-214,Payment for product purchase
636,Michael Wilson,675.3041987906817,INV-777,Payment for consultation
637,John Doe,154.7068624303869,INV-540,Payment for services rendered
638,David Johnson,590.0862997340412,INV-924,Payment for services rendered
639,John Doe,31.155202414541616,INV-551,Payment for services rendered
640,John Doe,524.0615247790331,INV-865,Payment for monthly subscription
641,John Doe,895.3976815115118,INV-918,Payment for product purchase
642,Jane Smith,299.0918502941393,INV-749,Payment for consultation
643,Emily Brown,453.0115042362115,INV-963,Payment for product purchase
644,Emily Brown,450.7763423722696,INV-316,Payment for services rendered
645,Jane Smith,639.0747931001019,INV-985,Payment for consultation
646,John Doe,918.202087427545,INV-778,Payment for consultation
647,Emily Brown,882.4371290965768,INV-132,Payment for consultation
648,John Doe,230.65073003732252,INV-867,Payment for consultation
649,John Doe,234.42909712676197,INV-936,Payment for monthly subscription
650,Michael Wilson,690.1001864081258,INV-827,Payment for monthly subscription
651,David Johnson,607.3335713007483,INV-149,Payment for services rendered
652,Jane Smith,582.2447127437674,INV-346,Payment for consultation
653,Emily Brown,115.07608972811934,INV-126,Payment for monthly subscription
654,Michael Wilson,519.8723626498362,INV-123,Payment for consultation
655,Michael Wilson,854.9086035071836,INV-518,Payment for services rendered
656,David Johnson,179.13609222550343,INV-907,Payment for product purchase
657,Michael Wilson,947.70378693317,INV-544,Payment for services rendered
658,John Doe,507.7689628713066,INV-557,Payment for product purchase
659,John Doe,925.2387370770812,INV-471,Payment for monthly subscription
660,David Johnson,85.25677607358139,INV-635,Payment for monthly subscription
661,Jane Smith,804.3599453807212,INV-892,Payment for monthly subscription
662,Emily Brown,93.66255577779935,INV-967,Payment for product purchase
663,Emily Brown,465.774536528105,INV-430,Payment for services rendered
664,Jane Smith,796.194189675369,INV-680,Payment for consultation
665,John Doe,857.6418462056779,INV-706,Payment for product purchase
666,Michael Wilson,51.12039153711911,INV-024,Payment for consultation
667,Michael Wilson,500.52260402794667,INV-426,Payment for monthly subscription
668,David Johnson,122.72030951645851,INV-365,Payment for services rendered
669,John Doe,69.53895346600214,INV-650,Payment for consultation
670,Emily Brown,889.506983483633,INV-144,Payment for product purchase
671,Emily Brown,278.81562846113684,INV-220,Payment for consultation
672,Emily Brown,672.4276607293938,INV-837,Payment for monthly subscription
673,John Doe,41.14690585070058,INV-450,Payment for product purchase
674,Michael Wilson,348.19537055474893,INV-907,Payment for services rendered
675,Michael Wilson,639.7460548774841,INV-877,Payment for services rendered
676,Emily Brown,927.7176495923695,INV-574,Payment for consultation
677,Jane Smith,635.2884300239514,INV-272,Payment for services rendered
678,Jane Smith,850.7002981624101,INV-308,Payment for product purchase
679,John Doe,823.4266699343283,INV-719,Payment for services rendered
680,Emily Brown,770.2623644932553,INV-838,Payment for monthly subscription
681,Emily Brown,131.65436970415334,INV-298,Payment for consultation
682,Emily Brown,730.1268891469276,INV-021,Payment for services rendered
683,David Johnson,822.216884355694,INV-879,Payment for product purchase
684,John Doe,210.65525548347486,INV-018,Payment for services rendered
685,Jane Smith,93.83092556265848,INV-340,Payment for product purchase
686,Michael Wilson,406.9525070414607,INV-942,Payment for product purchase
687,David Johnson,986.6077545334934,INV-385,Payment for services rendered
688,Emily Brown,812.6486319523847,INV-917,Payment for services rendered
689,Michael Wilson,395.74503372502244,INV-105,Payment for consultation
690,John Doe,739.1403546980359,INV-306,Payment for product purchase
691,Michael Wilson,600.1885219738838,INV-506,Payment for product purchase
692,Michael Wilson,742.8042906029043,INV-918,Payment for monthly subscription
693,David Johnson,756.0818084780408,INV-306,Payment for consultation
694,Michael Wilson,47.789266646382615,INV-294,Payment for monthly subscription
695,Emily Brown,772.3727629166294,INV-657,Payment for monthly subscription
696,Jane Smith,745.5958256360175,INV-618,Payment for consultation
697,Michael Wilson,6.807522824937795,INV-868,Payment for services rendered
698,Jane Smith,144.10846366279804,INV-227,Payment for product purchase
699,John Doe,364.39486965365484,INV-263,Payment for product purchase
700,Michael Wilson,608.0323887051456,INV-852,Payment for consultation
701,John Doe,483.12390505650484,INV-999,Payment for monthly subscription
702,Emily Brown,134.59958629893777,INV-110,Payment for consultation
703,Emily Brown,582.5461660951607,INV-042,Payment for product purchase
704,Emily Brown,670.9351659970025,INV-221,Payment for services rendered
705,Jane Smith,788.9232090039267,INV-951,Payment for monthly subscription
706,Jane Smith,858.4760214731651,INV-153,Payment for product purchase
707,John Doe,968.3602942917695,INV-785,Payment for monthly subscription
708,Emily Brown,994.2865275636511,INV-117,Payment for product purchase
709,John Doe,611.5995928821361,INV-203,Payment for services rendered
710,Emily Brown,395.63401180958124,INV-365,Payment for services rendered
711,John Doe,247.38776472475533,INV-447,Payment for services rendered
712,Jane Smith,193.36925013341877,INV-710,Payment for monthly subscription
713,David Johnson,593.5568041541379,INV-019,Payment for product purchase
714,Jane Smith,243.670575219331,INV-931,Payment for services rendered
715,Emily Brown,632.2330262639299,INV-895,Payment for monthly subscription
716,Emily Brown,282.4414910321248,INV-180,Payment for monthly subscription
717,Jane Smith,749.709027883251,INV-277,Payment for services rendered
718,Michael Wilson,169.07507683977053,INV-473,Payment for consultation
719,David Johnson,750.7704341705231,INV-600,Payment for product purchase
720,David Johnson,590.6698975787981,INV-460,Payment for consultation
721,David Johnson,998.8999050913236,INV-925,Payment for product purchase
722,Jane Smith,785.0218792249821,INV-308,Payment for consultation
723,Emily Brown,948.9122993530573,INV-868,Payment for consultation
724,David Johnson,557.4458070534395,INV-615,Payment for product purchase
725,John Doe,496.89411649085423,INV-493,Payment for services rendered
726,John Doe,178.12703665276618,INV-182,Payment for product purchase
727,Jane Smith,543.9614856007696,INV-668,Payment for services rendered
728,John Doe,608.4911741390954,INV-704,Payment for services rendered
729,John Doe,702.5714656238845,INV-685,Payment for services rendered
730,Emily Brown,454.86603397860523,INV-438,Payment for monthly subscription
731,Emily Brown,86.12486983374978,INV-431,Payment for consultation
732,Emily Brown,736.9633455295063,INV-500,Payment for monthly subscription
733,Emily Brown,244.90643700117863,INV-810,Payment for product purchase
734,Michael Wilson,719.1484214814952,INV-317,Payment for product purchase
735,David Johnson,306.8842106746299,INV-135,Payment for monthly subscription
736,John Doe,928.1518765043875,INV-479,Payment for product purchase
737,Jane Smith,554.3185222328606,INV-775,Payment for services rendered
738,David Johnson,971.8862002192541,INV-387,Payment for monthly subscription
739,Michael Wilson,608.4851406620157,INV-894,Payment for product purchase
740,John Doe,733.4953982482198,INV-644,Payment for product purchase
741,John Doe,83.45741173014976,INV-286,Payment for consultation
742,John Doe,937.487369243752,INV-699,Payment for monthly subscription
743,John Doe,880.7695964087388,INV-624,Payment for product purchase
744,Michael Wilson,301.930015487932,INV-485,Payment for consultation
745,Jane Smith,637.3681589321629,INV-600,Payment for services rendered
746,Jane Smith,154.76139531242205,INV-536,Payment for product purchase
747,Michael Wilson,515.2174283878918,INV-291,Payment for monthly subscription
748,David Johnson,275.3607998096913,INV-543,Payment for services rendered
749,Jane Smith,474.4259956169339,INV-915,Payment for services rendered
750,David Johnson,407.0265019204949,INV-358,Payment for product purchase
751,John Doe,207.9221492401312,INV-126,Payment for services rendered
752,Michael Wilson,38.01214820248022,INV-254,Payment for product purchase
753,Emily Brown,544.2150782395275,INV-882,Payment for consultation
754,Michael Wilson,522.2217987435927,INV-951,Payment for services rendered
755,Jane Smith,467.9145739331263,INV-445,Payment for product purchase
756,John Doe,167.97286321850925,INV-922,Payment for monthly subscription
757,Michael Wilson,976.1211483784914,INV-478,Payment for consultation
758,Emily Brown,96.62802541490412,INV-107,Payment for services rendered
759,Emily Brown,502.4848449538047,INV-641,Payment for product purchase
760,Michael Wilson,426.01314877472305,INV-548,Payment for product purchase
761,John Doe,43.01635332868925,INV-483,Payment for consultation
762,Emily Brown,519.0832180807313,INV-226,Payment for monthly subscription
763,Michael Wilson,421.66697176526503,INV-929,Payment for consultation
764,Emily Brown,939.6607479849829,INV-587,Payment for product purchase
765,Jane Smith,838.8153239605891,INV-144,Payment for consultation
766,John Doe,454.0134426303748,INV-609,Payment for consultation
767,Emily Brown,692.5947808375261,INV-875,Payment for services rendered
768,David Johnson,23.67053021545995,INV-284,Payment for monthly subscription
769,John Doe,841.0754964526978,INV-589,Payment for services rendered
770,David Johnson,338.4278449164326,INV-363,Payment for services rendered
771,David Johnson,133.25537932326526,INV-408,Payment for consultation
772,Michael Wilson,664.4824346088399,INV-490,Payment for monthly subscription
773,John Doe,367.01145693678006,INV-333,Payment for product purchase
774,Emily Brown,44.29293774798082,INV-998,Payment for product purchase
775,Michael Wilson,27.963519583546258,INV-325,Payment for monthly subscription
776,Michael Wilson,123.49673436102815,INV-022,Payment for services rendered
777,Michael Wilson,958.7900773400652,INV-064,Payment for consultation
778,Emily Brown,70.95890213930356,INV-919,Payment for consultation
779,Michael Wilson,668.921217938819,INV-087,Payment for services rendered
780,John Doe,986.2674108668451,INV-312,Payment for services rendered
781,John Doe,641.5550382524625,INV-142,Payment for product purchase
782,Emily Brown,664.4516043127275,INV-423,Payment for product purchase
783,Jane Smith,514.8173003918206,INV-589,Payment for consultation
784,Jane Smith,620.460687430081,INV-165,Payment for monthly subscription
785,Michael Wilson,996.0155403477975,INV-065,Payment for product purchase
786,John Doe,719.1485986300883,INV-400,Payment for product purchase
787,Michael Wilson,324.4733870505659,INV-117,Payment for product purchase
788,Jane Smith,337.3240380518854,INV-225,Payment for consultation
789,David Johnson,814.1150833622855,INV-109,Payment for services rendered
790,David Johnson,86.89200048668644,INV-616,Payment for product purchase
791,Jane Smith,973.9417577758127,INV-273,Payment for monthly subscription
792,Michael Wilson,775.711333117369,INV-993,Payment for product purchase
793,Emily Brown,931.3915496860789,INV-142,Payment for services rendered
794,Jane Smith,141.93119515053044,INV-602,Payment for monthly subscription
795,John Doe,152.26794586229153,INV-903,Payment for monthly subscription
796,John Doe,845.0454476580942,INV-472,Payment for product purchase
797,David Johnson,777.1070167229796,INV-599,Payment for monthly subscription
798,John Doe,555.1796316008925,INV-181,Payment for consultation
799,Emily Brown,674.9352438309568,INV-249,Payment for monthly subscription
800,Michael Wilson,51.76255383747097,INV-855,Payment for services rendered
801,David Johnson,252.74475426729293,INV-074,Payment for monthly subscription
802,John Doe,108.46808853589896,INV-209,Payment for services rendered
803,John Doe,538.8116786278,INV-307,Payment for services rendered
804,John Doe,976.3950412960004,INV-931,Payment for services rendered
805,John Doe,559.7759158758361,INV-968,Payment for services rendered
806,Emily Brown,345.874034656578,INV-044,Payment for monthly subscription
807,John Doe,620.7956346808435,INV-508,Payment for consultation
808,Jane Smith,763.3522149721609,INV-744,Payment for product purchase
809,David Johnson,448.9070604246223,INV-138,Payment for consultation
810,Michael Wilson,653.1656734594419,INV-136,Payment for monthly subscription
811,David Johnson,682.2372736358575,INV-116,Payment for consultation
812,Michael Wilson,171.55448809747352,INV-501,Payment for monthly subscription
813,David Johnson,699.8856303554096,INV-311,Payment for consultation
814,John Doe,462.661997624357,INV-551,Payment for consultation
815,Emily Brown,135.7285137191506,INV-575,Payment for monthly subscription
816,Michael Wilson,348.79093452149056,INV-252,Payment for services rendered
817,David Johnson,786.93132363141,INV-429,Payment for product purchase
818,Emily Brown,372.13361249778296,INV-523,Payment for monthly subscription
819,Jane Smith,311.8824152567168,INV-070,Payment for monthly subscription
820,David Johnson,38.281280877507044,INV-218,Payment for consultation
821,Emily Brown,326.2571928314,INV-887,Payment for consultation
822,John Doe,218.2606497976156,INV-295,Payment for services rendered
823,Jane Smith,831.7497417306896,INV-813,Payment for services rendered
824,Michael Wilson,340.77815827150704,INV-270,Payment for consultation
825,Michael Wilson,878.7657820260753,INV-554,Payment for product purchase
826,David Johnson,243.10342041232892,INV-347,Payment for consultation
827,John Doe,247.43107368227012,INV-560,Payment for product purchase
828,Michael Wilson,340.5158769448876,INV-663,Payment for product purchase
829,Michael Wilson,350.35167562898084,INV-221,Payment for product purchase
830,John Doe,717.9297416100006,INV-802,Payment for monthly subscription
831,Michael Wilson,661.1963648450824,INV-245,Payment for services rendered
832,John Doe,877.1094746922871,INV-307,Payment for monthly subscription
833,Jane Smith,160.80202047608728,INV-277,Payment for services rendered
834,Jane Smith,656.4951451302298,INV-939,Payment for product purchase
835,Emily Brown,562.2692831475141,INV-580,Payment for product purchase
836,Jane Smith,292.82005752326955,INV-959,Payment for consultation
837,David Johnson,459.8525812826174,INV-468,Payment for services rendered
838,Jane Smith,755.3531585798117,INV-460,Payment for monthly subscription
839,Emily Brown,776.2445578806096,INV-740,Payment for consultation
840,Emily Brown,666.7670798890778,INV-761,Payment for product purchase
841,Emily Brown,272.5306521830583,INV-776,Payment for consultation
842,John Doe,107.25546052277546,INV-961,Payment for consultation
843,Emily Brown,445.4421698539641,INV-894,Payment for monthly subscription
844,David Johnson,8.701282899688412,INV-575,Payment for services rendered
845,Jane Smith,763.7575931818371,INV-332,Payment for product purchase
846,Jane Smith,269.02151437347277,INV-533,Payment for monthly subscription
847,John Doe,752.6129296246679,INV-835,Payment for monthly subscription
848,Emily Brown,603.2152264173404,INV-917,Payment for services rendered
849,John Doe,154.58451516874294,INV-288,Payment for services rendered
850,Michael Wilson,350.80080396424387,INV-152,Payment for services rendered
851,Jane Smith,77.66823782069466,INV-906,Payment for product purchase
852,Emily Brown,688.0215411177891,INV-644,Payment for product purchase
853,John Doe,364.6474185211497,INV-722,Payment for consultation
854,David Johnson,0.6326496107118551,INV-069,Payment for services rendered
855,Jane Smith,327.6701754676723,INV-395,Payment for product purchase
856,Emily Brown,28.518588714841698,INV-175,Payment for product purchase
857,Michael Wilson,722.6237883780669,INV-081,Payment for monthly subscription
858,David Johnson,372.541295180672,INV-892,Payment for consultation
859,Emily Brown,482.69753485104195,INV-477,Payment for monthly subscription
860,John Doe,215.02656238285644,INV-062,Payment for monthly subscription
861,Emily Brown,980.9642216401148,INV-423,Payment for product purchase
862,Michael Wilson,726.6907728367623,INV-160,Payment for services rendered
863,John Doe,90.20482695975151,INV-222,Payment for consultation
864,John Doe,10.939110626323355,INV-985,Payment for product purchase
865,Emily Brown,635.4415372895373,INV-148,Payment for services rendered
866,Michael Wilson,65.21601508465069,INV-659,Payment for product purchase
867,Emily Brown,690.609080878498,INV-778,Payment for product purchase
868,Jane Smith,36.33535712340286,INV-444,Payment for services rendered
869,Jane Smith,299.86703681058157,INV-349,Payment for consultation
870,Emily Brown,630.6898119226881,INV-731,Payment for services rendered
871,Emily Brown,293.7213510028759,INV-933,Payment for product purchase
872,Michael Wilson,71.62010999134338,INV-040,Payment for product purchase
873,Michael Wilson,977.7022768447258,INV-636,Payment for services rendered
874,Michael Wilson,526.816009811644,INV-959,Payment for services rendered
875,John Doe,7.489514306108447,INV-759,Payment for monthly subscription
876,Michael Wilson,935.6737198992425,INV-321,Payment for product purchase
877,Michael Wilson,41.01604907270983,INV-532,Payment for consultation
878,David Johnson,698.3970211434623,INV-440,Payment for monthly subscription
879,John Doe,147.19093709087073,INV-543,Payment for product purchase
880,David Johnson,759.8302573231288,INV-995,Payment for product purchase
881,John Doe,130.7649852139783,INV-562,Payment for product purchase
882,Emily Brown,927.8878599191992,INV-484,Payment for monthly subscription
883,David Johnson,247.94149210233618,INV-875,Payment for services rendered
884,Michael Wilson,542.9370810423183,INV-904,Payment for monthly subscription
885,Emily Brown,476.5294584029188,INV-354,Payment for monthly subscription
886,Emily Brown,398.17008317358494,INV-401,Payment for services rendered
887,Michael Wilson,255.84620927468916,INV-286,Payment for product purchase
888,David Johnson,978.108952541464,INV-111,Payment for monthly subscription
889,Emily Brown,708.2805947248045,INV-062,Payment for monthly subscription
890,John Doe,72.77267010955468,INV-797,Payment for consultation
891,John Doe,356.55376696458785,INV-030,Payment for consultation
892,David Johnson,239.65430970702806,INV-813,Payment for product purchase
893,David Johnson,681.1699330677802,INV-168,Payment for monthly subscription
894,David Johnson,571.9195839902941,INV-282,Payment for monthly subscription
895,Jane Smith,72.91756757660883,INV-883,Payment for monthly subscription
896,David Johnson,737.1679459733116,INV-040,Payment for product purchase
897,John Doe,715.9905283560943,INV-072,Payment for services rendered
898,David Johnson,141.61139288983404,INV-939,Payment for consultation
899,Jane Smith,669.2457189882932,INV-816,Payment for product purchase
900,Emily Brown,902.6582027466488,INV-230,Payment for monthly subscription
901,Emily Brown,199.86414198346324,INV-083,Payment for monthly subscription
902,Emily Brown,392.76577662604717,INV-856,Payment for services rendered
903,Michael Wilson,954.8355667731555,INV-516,Payment for monthly subscription
904,Jane Smith,845.8036132606484,INV-230,Payment for consultation
905,John Doe,88.41881328015656,INV-422,Payment for product purchase
906,David Johnson,137.6575394657138,INV-046,Payment for consultation
907,John Doe,952.0918880282771,INV-787,Payment for consultation
908,Jane Smith,951.8069252143079,INV-161,Payment for product purchase
909,Michael Wilson,418.06008848338615,INV-202,Payment for services rendered
910,David Johnson,106.37487625125442,INV-219,Payment for services rendered
911,Michael Wilson,342.73082742678776,INV-002,Payment for consultation
912,Emily Brown,45.71219813771765,INV-220,Payment for consultation
913,David Johnson,586.3837792384853,INV-294,Payment for consultation
914,Jane Smith,83.47772202270798,INV-281,Payment for product purchase
915,Michael Wilson,393.6553050149344,INV-076,Payment for services rendered
916,David Johnson,692.5594572236067,INV-537,Payment for product purchase
917,Jane Smith,598.0857897207577,INV-205,Payment for monthly subscription
918,Emily Brown,245.71498700745298,INV-391,Payment for product purchase
919,Jane Smith,311.78203438915074,INV-847,Payment for monthly subscription
920,John Doe,379.76291645511105,INV-790,Payment for services rendered
921,John Doe,126.93465085102851,INV-573,Payment for services rendered
922,Jane Smith,983.1857330801982,INV-654,Payment for monthly subscription
923,John Doe,772.6424254084485,INV-433,Payment for monthly subscription
924,John Doe,681.2560511354203,INV-414,Payment for monthly subscription
925,Michael Wilson,790.3370613061923,INV-192,Payment for product purchase
926,David Johnson,68.52553943004136,INV-165,Payment for monthly subscription
927,Jane Smith,234.98486232439186,INV-078,Payment for monthly subscription
928,Michael Wilson,351.5187306261743,INV-396,Payment for monthly subscription
929,Emily Brown,559.3916097074944,INV-429,Payment for consultation
930,Jane Smith,342.0438350295949,INV-134,Payment for consultation
931,Michael Wilson,989.3998864047492,INV-558,Payment for product purchase
932,John Doe,901.6928948958853,INV-723,Payment for consultation
933,Michael Wilson,748.1546701250481,INV-744,Payment for consultation
934,David Johnson,306.83085042599856,INV-680,Payment for product purchase
935,Michael Wilson,99.52866077367062,INV-895,Payment for consultation
936,Emily Brown,10.459832086362919,INV-045,Payment for product purchase
937,Jane Smith,126.88570000923427,INV-715,Payment for services rendered
938,Michael Wilson,654.1574945616121,INV-036,Payment for product purchase
939,Emily Brown,449.1807221444605,INV-088,Payment for product purchase
940,John Doe,169.34857340285492,INV-879,Payment for product purchase
941,Michael Wilson,154.18089035353012,INV-494,Payment for services rendered
942,Jane Smith,714.5776877973784,INV-678,Payment for consultation
943,David Johnson,697.3934218726528,INV-659,Payment for consultation
944,Jane Smith,810.9502153041834,INV-726,Payment for product purchase
945,Jane Smith,452.5665540815512,INV-843,Payment for consultation
946,Jane Smith,187.44875325277087,INV-136,Payment for services rendered
947,Jane Smith,468.2887581160543,INV-603,Payment for consultation
948,Michael Wilson,350.5442559716949,INV-593,Payment for consultation
949,Emily Brown,971.4200690556811,INV-844,Payment for consultation
950,Michael Wilson,700.146524053853,INV-573,Payment for consultation
951,Emily Brown,327.6320699178116,INV-579,Payment for monthly subscription
952,Jane Smith,772.3419342170337,INV-996,Payment for product purchase
953,Jane Smith,805.1505605762542,INV-083,Payment for product purchase
954,John Doe,863.6399849715638,INV-176,Payment for monthly subscription
955,Jane Smith,504.00531014802976,INV-311,Payment for product purchase
956,Jane Smith,695.4149823072488,INV-536,Payment for monthly subscription
957,John Doe,8.869575816694674,INV-710,Payment for product purchase
958,Michael Wilson,91.54316532866036,INV-306,Payment for product purchase
959,John Doe,159.64569103827097,INV-975,Payment for services rendered
960,Michael Wilson,584.4924812472808,INV-910,Payment for services rendered
961,Emily Brown,574.6590530877814,INV-114,Payment for monthly subscription
962,Emily Brown,560.1524040329041,INV-654,Payment for consultation
963,Emily Brown,405.12246420430733,INV-306,Payment for services rendered
964,Michael Wilson,809.1587940833167,INV-127,Payment for product purchase
965,John Doe,742.4050864491874,INV-062,Payment for services rendered
966,Michael Wilson,370.1766795814322,INV-806,Payment for services rendered
967,David Johnson,126.71304398611683,INV-188,Payment for monthly subscription
968,Emily Brown,141.79418755104746,INV-601,Payment for consultation
969,David Johnson,586.7130641363738,INV-105,Payment for consultation
970,Emily Brown,695.5883454477591,INV-086,Payment for product purchase
971,John Doe,919.8187657200991,INV-465,Payment for monthly subscription
972,Michael Wilson,210.9051645319244,INV-562,Payment for services rendered
973,Michael Wilson,155.0224796347267,INV-958,Payment for product purchase
974,Emily Brown,588.9677252112552,INV-829,Payment for monthly subscription
975,Michael Wilson,528.4979636526085,INV-457,Payment for services rendered
976,Jane Smith,395.75314364833025,INV-247,Payment for monthly subscription
977,Jane Smith,717.337201711686,INV-396,Payment for product purchase
978,David Johnson,758.9389359432157,INV-397,Payment for services rendered
979,Michael Wilson,462.42375901136626,INV-790,Payment for monthly subscription
980,Michael Wilson,144.90906879612587,INV-452,Payment for consultation
981,David Johnson,361.89535516828164,INV-022,Payment for monthly subscription
982,David Johnson,239.8784979571006,INV-594,Payment for services rendered
983,Jane Smith,317.25446226366086,INV-322,Payment for product purchase
984,Michael Wilson,855.7640617375166,INV-235,Payment for product purchase
985,John Doe,88.67746060310755,INV-727,Payment for monthly subscription
986,David Johnson,872.8976158220246,INV-248,Payment for monthly subscription
987,John Doe,69.14752332815988,INV-209,Payment for consultation
988,Emily Brown,615.8220911102311,INV-576,Payment for monthly subscription
989,Michael Wilson,183.32218667406963,INV-897,Payment for monthly subscription
990,Jane Smith,137.13752032749105,INV-375,Payment for monthly subscription
991,Emily Brown,862.5775456236621,INV-489,Payment for monthly subscription
992,David Johnson,507.4620270971567,INV-626,Payment for monthly subscription
993,David Johnson,831.193868264465,INV-642,Payment for consultation
994,John Doe,208.16314455056173,INV-353,Payment for monthly subscription
995,David Johnson,849.6157148626662,INV-130,Payment for services rendered
996,John Doe,401.3502731786288,INV-038,Payment for services rendered
997,Michael Wilson,42.85496007899303,INV-974,Payment for product purchase
998,John Doe,853.4439664773187,INV-248,Payment for consultation
999,John Doe,799.2921494846483,INV-822,Payment for product purchase
1000,Jane Smith,482.76424956479025,INV-966,Payment for consultation
